{"tokens": [[-0.16185777813128183, 0.15750419547224082, 0.07083725894563814, ...], ..., [0.0, 0.0, 0.0, ...]], "data": {"x": [[-0.4589170879162487, -0.3378764602444127, NaN, NaN, NaN], ...]], "y": [0.4180930839181082, -1.84323451669834, 0.5020775461412558,...], "mask": [1, 1, 0, 0, 0]}, "skeleton": "sin(x0) + C*cos(x1)"}
