{"epoch_list": [1], "train_loss_list": [2.1797847151756287], "val_loss_list": [2.1314515935050116]}