{"epoch_list": [1, 2, 3, 4, 5], "train_loss_list": [2.2999548741749356, 2.2608518174716403, 2.259595436709268, 2.2577053024655296, 2.256311535835266], "val_loss_list": [2.2354447179370456, 2.238746007283529, 2.2349267270829944, 2.2574972179200916, 2.2339771588643393]}